CapabilityID,CapabilityName,ParentCapabilityID,Level,Description,OwnerOrg,ContactID,Status,EffectiveFrom,EffectiveTo
0,HR Framework Management,,Level 3,"The ability to forecast, define, deliver and evaluate HRM programs and to ensure consistent execution. ",,,,,
8.3.1.1,HRM Legislation and Policy Management,,Level 4,The ability to manage HR legislation and policies.,,,,,
8.3.1.1.1,HRM Policy Design and Development,,Level 5,The ability to establish and define an HR Policy.,,,,,
8.3.1.1.2,HRM Policy Assessment and Guidance,,Level 5,"The ability to interpret policy and if necessary, create directives, guides, and aides to aid in stakeholder understanding. ",,,,,
8.3.1.1.3,HRM Legislation and Policy Advisory,,Level 5,The ability to provide advice to various stakeholders on policies related to HR management.,,,,,
8.3.1.1.4,Delegation Management,,Level 5,The ability to manage and control HR delegations through legislation and policy.,,,,,
8.3.1.1.4.1,Control Identification,,Level 6,The ability to identify controls in legislation and policy.,,,,,
8.3.1.1.4.2,Authority Determination ,,Level 6,"The ability to extrapolate authorities from controls and policy instrument requirements, including limitations and conditions to delegation. ",,,,,
8.3.1.1.4.3,Management Authority Level Determination ,,Level 6,The ability to determine with to which levels of management authorities are delegated. ,,,,,
8.3.1.2,HRM Program Management,,Level 4,The ability to manage HR programs.,,,,,
8.3.1.2.1,HRM Program Design and Development,,Level 5,The ability to establish and define an HR program.,,,,,
8.3.1.2.1.1,Program governance,,Level 6,The ability to establish governance for legislated/gc-wide/organizational HRM programs.,,,,,
8.3.1.2.1.2,Program Design,,Level 6,"The ability to set goals, objectives, requirements, and measurements.",,,,,
8.3.1.2.1.3,Program Development,,Level 6,The ability to create tools and other supporting measures. ,,,,,
8.3.1.2.2,HRM Program Implementation ,,Level 5,The ability to implement program requirements and program changes across departments and agencies. ,,,,,
8.3.1.2.3,HRM Program Delivery,,Level 5,"The ability to deliver an HR Program in accordance with legislation, policies and guidelines. ",,,,,
8.3.1.2.3.1,HRM Program Advisory,,Level 6,The ability to provide advice and guidance on program requirements.,,,,,
8.3.1.2.4,HRM Risk Management,,Level 5,The ability to forecast and manage risks by identifying solutions and minimizing impact.,,,,,
8.3.1.2.4.1,HRM Program Compliance,,Level 6,"The ability to establish and manage infrastructure and develop program-specific requirements to address organizational obligations and identified deficiencies. Examples include committees, working groups, designated officials, and champions.",,,,,
8.3.1.2.4.2,HRM Program Assessment and Performance,,Level 6,The ability to review and provide feedback on programs.,,,,,
8.3.1.2.4.3,HRM Program Monitoring and Reporting,,Level 6,The ability to report on the health of an HR programme. ,,,,,
8.3.1.3,HRM Strategy and Planning,,Level 4,"The ability to define and implement the direction of the programme. Strategies and plans can be elaborated at different levels, such as policy, program, various level of an organization, or for specific workplace and workforce endeavours.  ",,,,,
8.3.1.3.1,Workplace Strategy,,Level 5,"The ability to elaborate workplace management strategies for the organization, according to the vision and direction.",,,,,
8.3.1.3.2,Workforce Strategy,,Level 5,"The ability to elaborate workforce management strategies for the organization, according to the vision and direction. ",,,,,
8.3.1.3.3,Workplace Plans,,Level 5,"The ability to create plans for each HR Program. Examples include EE, OL, Pay equity, Health and Safety.",,,,,
8.3.1.3.4,Workforce Planning,,Level 5,The ability to forecast and plan future and current requirements for work.,,,,,
8.3.1.3.4.1,Workforce Capacity Planning,,Level 6,The ability to assign a resource to a job base on workforce availability.,,,,,
8.3.1.3.4.2,Classification Activity Planning,,Level 6,The ability to create a plan for job design and position creation based on the organizations mandate and financial plan.,,,,,
8.3.1.3.4.3,Resourcing Planning,,Level 6,"The ability to identify positions that need to be resourced, on a temporary or permanent basis (vacant positions, leave replacement, new positions, etc.).",,,,,
8.3.1.3.4.4,Succession Planning,,Level 6,The ability to create a succession plan for the organization (for key positions) by identifying feeder positions and by leveraging the results of employee talent management exercises.,,,,,
8.3.1.3.5,Environmental Scan Management,,Level 5,The ability to research and establish the needs of the employer and to understand the employment ecosystem.,,,,,
8.3.1.3.5.1,Internal Labour Assessment,,Level 6,"The ability to understand the internal labour market found in departments and agencies,  including workforce statistics such as employment equity, official languages, PSES results, turnover rates and exit interviews.",,,,,
8.3.1.3.5.2,External Labour Market Assessment,,Level 6,"The ability to analyze the external labour market including availability, workforce trends and future outlooks.  ",,,,,
8.3.1.4,HRM Service Delivery ,,Level 4,"The ability to establish the service delivery model for the enterprise or for an organization based on enterprise direction and according to the organization's mandate, structure, and context. ",,,,,
8.3.1.4.1,Service Delivery Model Determination ,,Level 5,The ability to determine the service delivery model based for each service area of HR. ,,,,,
8.3.1.4.1.1,Service Delivery Approach Determination,,Level 6,"The ability to identify and organize the service delivery approach (in-house, memorandum of understanding between GC organizations, or third party providers).",,,,,
8.3.1.4.1.2,Service Delivery Type Determination ,,Level 6,The ability to determine the type of HR advisory (specialist or generalists) and HR service delivery is centralized or decentralized.,,,,,
8.3.1.4.1.3,Service Delivery Enablement,,Level 6,The ability to determine which HR services are digitally enabled and where self-service is available. ,,,,,
8.3.1.4.2,Service Delivery Management,,Level 5,The ability to manage service delivery for each service area of HR. ,,,,,
8.3.1.4.2.1,Advisory Services Management,,Level 6,"The ability to organize HR advisory and services to management and to the workforce (assigning portfolios and workloads, determine levels of service, etc.).",,,,,
8.3.1.4.2.2,HR Service Standards Management,,Level 6,"The ability to provide guidance, tools and information on HR services. Examples include standards, timelines, process,",,,,,
8.3.1.4.3,Case Management,,Level 5,"The ability to organize and administer intake. This can be applied to all programme areas such as; classification requests, grievance submissions, staffing actions, OL complaints etc. ",,,,,
8.3.2,HR Enablement,,Level 3,"The ability to facilitate HR efficiency and excellence and to support HR delivery through advice, guidance, data, and reporting.",,,,,
8.3.2.1,HR Guidance Management,,Level 4,"The ability to provide advice and guidance to stakeholders, and defend various HR programme elements. ",,,,,
8.3.2.1.1,Justification Management,,Level 5,"The ability to document and justify HR related decisions according to policy and legislation. Examples include appointment justifications, rationales for non-advertised staffing processes, classification rationales, LR reports, justification reports etc. ",,,,,
8.3.2.1.2,Board/Committee Management,,Level 5,"The ability to form a committee of subject mater experts to provide a cohesive opinion or evaluation. Examples include classification evaluation committees, grievance committees, staffing assessment boards, performance management review panels etc. ",,,,,
8.3.2.1.2.1,Legislated Committee Management,,Level 6,"The ability to form a committee based on legislative or policy requirements, examples include OHS committees.",,,,,
8.3.2.1.2.2,Specialist Advisory Board Management,,Level 6,"The ability to call together experts or contributors or to participate/provide a cohesive opinion or evaluation for a given purpose. Examples include classification evaluation committees, grievance committees, staffing assessment boards, performance management review panels, etc.",,,,,
8.3.2.1.2,HR Advice Management,,Level 5,The ability to provide advice and guidance on issues related to HRM.,,,,,
8.3.2.1.2.1,Program Advice and Guidance ,,Level 6,"The ability to provide advice and guidance on programs, to departments and agencies, deputy heads, DM s ADM s etc. ",,,,,
8.3.2.1.2.2,Managerial Advice and Guidance ,,Level 6,"The ability to provide advice to management on HR legislation and policy, strategies, and issues, and to provide guidance through the management of the workforce and the workplace. Examples include advice on staffing process, creating positions, conducting performance reviews etc. ",,,,,
8.3.2.1.2.3,Workforce Advice and Guidance ,,Level 6,"The ability to provide advice to members of the workforce on HR matters and to guide them through HR programs and processes. Examples include, information provided on compensation entitlements, pension programs, training opportunities.",,,,,
8.3.2.2,HR Business Intelligence,,Level 4,The ability to inform HR business decisions with data and analytics. ,,,,,
8.3.2.2.1,HR Data Management,,Level 5,"The ability to collect, organize, store and secure HR data with a focus on accuracy and compliance. ",,,,,
8.3.2.2.1.1,HR Data Standards Management,,Level 6,The ability to develop standards and protocols to maintain data privacy and integrity. ,,,,,
8.3.2.2.1.2,HR Data Extraction,,Level 6,"The ability to collect, process and extract data and ensure quality control.",,,,,
8.3.2.2.2,Legislative Reporting,,Level 5,"The ability to prepare and submit reports to demonstrate compliance with legislative requirements, such as Employment Equity and Official Languages.",,,,,
8.3.2.2.3,Enterprise Reporting,,Level 5,"The ability to report on enterprise requirements such as Clerk's report, report to the Prime Minister, parliamentary reports.",,,,,
8.3.2.2.4,HR Analytics,,Level 5,The ability to use data analysis and statistical techniques to gain insights into an organization's workforce.,,,,,
8.3.2.3,HR Systems,,Level 4,"The ability to manage the technological solutions for the HR programme including the configuration, according to business needs.",,,,,
8.3.2.3.1,Workforce Information Management,,Level 5,The ability to manage and maintain employee data ensuring privacy is maintained. ,,,,,
8.3.2.3.2,Enterprise Solutions Management,,Level 5,"The ability to manage HR systems and tools at the enterprise level such as PCIS+, PIMART, PIMS etc. ",,,,,
8.3.2.4,Change Management,,Level 4,The ability to support the departments and agencies through organizational changes related to HR programs.,,,,,
8.3.3,Organizational Design and Classification,,Level 3,"The ability to assign a group and level to positions, maintain relative worth of positions and ensure stable organizational structures.",,,,,
8.3.3.1,Organizational Design,,Level 4,The ability to use the organizations mandate to develop and design a structure accordingly.,,,,,
8.3.3.1.1,Organizational Mandate Assessment,,Level 5,The ability to evaluate the current state of the organization and make recommendations of changes required to fulfill the mandate.,,,,,
8.3.3.1.2,Organizational Design Development,,Level 5,"The ability to establish organizational design principles within an establishment including functions, layers and span of control.",,,,,
8.3.3.1.2.1,Organizational Model Development,,Level 6,The ability to develop organizational models. ,,,,,
8.3.3.1.2.2,Organizational Hierarchical Determination ,,Level 6,The ability to determine levels of management within the organization.,,,,,
8.3.3.1.2.3,Organizational Reporting Structure,,Level 6,The ability to establish reporting relationships.,,,,,
8.3.3.2,Classification Infrastructure,,Level 4,"The ability to maintain the classification machinery including jobs, positions and relativity. ",,,,,
8.3.3.2.1,Classification Standard Management,,Level 5,"The ability to establish and maintain occupational groups and subgroups, job evaluation standards and relative value of work.",,,,,
8.3.3.2.1.1,Qualification Standards,,Level 6,The ability to create standards that describe the minimum requirements necessary to perform the work in an occupational group.,,,,,
8.3.3.2.1.2,Occupational Group Definition ,,Level 6,The ability to organize jobs based on the nature of the functions they perform.,,,,,
8.3.3.2.1.3,Standard Development,,Level 6,The ability to create and manage a classification standard.,,,,,
8.3.3.2.2,Pay Equity Management,,Level 5,The ability to ensure that equal work is equal pay regardless of non job related factors. ,,,,,
8.3.3.3,Job Management,,Level 4,The ability to manage and maintain jobs.,,,,,
8.3.3.3.1,Job Design,,Level 5,The ability to organize jobs to achieve objectives.,,,,,
8.3.3.3.2,Job Description Management,,Level 5,The ability to describe the work required of a job.,,,,,
8.3.3.3.2.1,Standardized Job Description Management,,Level 6,The ability to describe and maintain the work done by a common group of jobs.,,,,,
8.3.3.3.2.2,Unique Job Description Management,,Level 6,The ability to describe the work of a unique job.,,,,,
8.3.3.3.2.3,Job Description Writing,,Level 6,"The ability to describe a jobs, knowledge requirements, skills, abilities, and the working conditions.",,,,,
8.3.3.3.3,Job Assessment,,Level 5,The ability to evaluate jobs.,,,,,
8.3.3.3.3.1,Job Validation Review,,Level 6,The ability to evaluate a job description against the work of an individual(s) in a position(s). ,,,,,
8.3.3.3.3.2,Classification Evaluation,,Level 6,The ability to evaluate a job based on a classification standard and determine group and level. ,,,,,
8.3.3.3.3.3,Classification Relativity,,Level 6,"The ability to ensure that jobs and positions, within and across departments, maintain their relative worth. ",,,,,
8.3.3.3.4,Job Conversion ,,Level 5,The ability to convert an existing occupational group to a new or revised occupational group in accordance with legislation. ,,,,,
8.3.3.4,Position Management,,Level 4,"The ability to facilitate the creation, identification and management of positions. ",,,,,
8.3.3.4.1,Position Creation Management,,Level 5,The ability to create a new position.,,,,,
8.3.3.4.2,Position Attribution Management,,Level 5,"The ability to manage a positions information. Examples include branch, division and section of the position, position OL, ",,,,,
8.3.3.4.3,Position Vacancy Management,,Level 5,The ability to maintain and review vacant positions. ,,,,,
8.3.4,Resourcing Management,,Level 3,"The ability to identify, attract. and hire qualified candidates for current and future resourcing needs within the organization.",,,,,
8.3.4.1,Resourcing Activity Management,,Level 4,The ability to plan and define the hiring strategy.,,,,,
8.3.4.1.1,Resourcing Activity Initiation,,Level 5,"The ability to determine and define the resourcing strategy including linking the workforce plan, determining resourcing method, creating the staffing file, and seeking proper authorization.",,,,,
8.3.4.1.2,Resourcing Requirements Idefinition,,Level 5,"The ability to determine the statement of merit criteria for a resourcing activity, including the essential and asset criteria, qualifications, operational requirements, organizational needs, and conditions of employment for a resourcing activity.",,,,,
8.3.4.1.3,Assessment Tools Management,,Level 5,"The ability to determine the assessment strategy, select the appropriate assessment tools, prepare the tools, and manage the assessment approach.",,,,,
8.3.4.2,Recruitment Management,,Level 4,The ability to identify and manage prospective candidates.,,,,,
8.3.4.2.1,Employment Opportunity Management,,Level 5,The ability to develop job postings and attract applicants for current and future positions. ,,,,,
8.3.4.2.1.1,Job Posting Management,,Level 6,"The ability to create a job posting according to the selected resourcing method, to publish, and promote it to attract potential applicants.",,,,,
8.3.4.2.1.2,Application Management ,,Level 6,"The ability for applicants to manage their profiles (personal and professional information, employment preferences), apply on job postings, manage their status, and receive communications from the hiring manager or HR representative.",,,,,
8.3.4.2.1.3,Applicant Management,,Level 6,"The ability to manage the applicants based on their profile information, employment preferences, and job posting applications (i.e., area of selection, priority management, employment preference). ",,,,,
8.3.4.2.2,Priority Management,,Level 5,The ability to ensure priority entitlements are respected throughout the resourcing activities. ,,,,,
8.3.4.2.2.1,Priority Entitlement Management,,Level 6,The ability to assign and manage priority entitlements to individuals meeting the specific conditions to be appointed in priority to all others.,,,,,
8.3.4.2.2.2,Priority Candidate Management,,Level 6,"The ability to refer persons with priority entitlements to job opportunities, or for persons with priority entitlements to self-refer to job opportunities, as well as the management of their candidacy to job opportunities.",,,,,
8.3.4.3,Candidate Assessment,,Level 4,The ability to assess candidates against the statement of merit criteria.,,,,,
8.3.4.3.1,Assessment Management,,Level 5,The ability to manage and coordinate the assessments in accordance with defined parameters.,,,,,
8.3.4.3.2,Candidate Qualification Assessment,,Level 5,"The ability to determine and document if and how candidates are qualified, by assessing them against the statement of merit criteria, utilizing a variety of assessment methods.",,,,,
8.3.4.3.3,Inventory and Pool Management,,Level 5,The ability to manage a group of candidates and established a pool of fully or partially qualified candidates for future resourcing needs.,,,,,
8.3.4.4,Candidate Selection and Hire,,Level 4,The ability to select and hire a qualified candidate. ,,,,,
8.3.4.4.1,Candidate Selection Decision,,Level 5,The ability to select a candidate based on the statement of merit criteria.,,,,,
8.3.4.4.2,Employment Offer,,Level 5,The ability to extend a job offer to a qualified candidate.,,,,,
8.3.4.4.3,Hire,,Level 5,The ability to implement a job hire upon accepted offer. ,,,,,
8.3.5,Employment Conditions and Labour Relations,,Level 3,"The ability  to manage the relations between the workforce, bargaining agents and management.",,,,,
8.3.5.1,Employment Conditions and Bargaining,,Level 4,"The ability  to manage the relations between the workforce, bargaining agents and management.",,,,,
8.3.5.1.1,Labour Negotiation Management,,Level 5,The ability to manage and maintain the negotiation process,,,,,
8.3.5.1.1.1,Essential Services Management,,Level 6,"The ability to establish and manage essential service agreements, as well as to manage individuals occupying positions deemed essential.",,,,,
8.3.5.1.1.2,Labour Activity Management,,Level 6,The ability to prepare for and manage a disruption in the workforce such as union activities and strikes.,,,,,
8.3.5.1.1.3,Negotiation Strategy Determination,,Level 6,The ability to determine the Employer's strategy and approach for each round of negotiation.,,,,,
8.3.5.1.1.4,Negotiation Preparation and Support,,Level 6,"The ability to prepare for negotiations by preforming research, preparing proposals, and by providing guidance and support to the negotiation team before and during formal negotiations.",,,,,
8.3.5.1.1.5,Negotiating,,Level 6,The ability to negotiate with bargaining agents to reach an agreement.,,,,,
8.3.5.1.2,Employment Conditions Establishment,,Level 5,"The ability to establish terms and conditions of employment for the workforce not subject to collective agreements, which includes excluded and unrepresented employees, students, and casual workers.",,,,,
8.3.5.1.3,Salary/Non Salary Administration,,Level 5,"The ability to determine and to manage pay rules outside of the collective agreement such as performance pay, allowances, SAM/IAM, etc",,,,,
8.3.5.1.4,Agreement Implementation,,Level 5,"The ability to implement an established agreement. Examples include, Collective agreement, NJC agreements, employment conditions.",,,,,
8.3.5.1.5,Collective Agreement Management,,Level 5,The ability to manage current collective agreements.,,,,,
8.3.5.1.5.1,Collective Agreement Administration ,,Level 6,"The ability to interpret, implement and maintain the clauses of a collective agreement with all stakeholders.",,,,,
8.3.5.2,Recourse and Redress,,Level 4,"The ability  to identify a perceived violation and request remedial measures. (ex: Grievance, harassment).",,,,,
8.3.5.2.1,Incident Management,,Level 5,"The ability to manage incidents related to the workplace. Examples include, refusal to work, violence in the workplace.",,,,,
8.3.5.2.2,Investigations Management,,Level 5,The ability to gather evidence and provide a summary of the incident.,,,,,
8.3.5.2.3,Legislated Complaints and Grievance Management,,Level 5,"The ability to receive and respond to complaints and grievances according to the proper instrument such as legislation and policy instruments, and collective agreements. This includes both labour and classification grievances, staffing complaints, OL and employment equity complaints and workplace matters.",,,,,
8.3.5.2.4,Adjudication Management,,Level 5,The ability to review evidence and arguments of all parties to come to a legally binding decision. ,,,,,
8.3.5.2.5,Recourse and Redress Outcome Management,,Level 5,"The ability to gather evidence, provide recommendations based on facts and precedents, and implement decisions, including corrective actions, disciplinary measures, tribunal and adjudication decisions, etc.",,,,,
8.3.5.2.5.1,Decision Recommendations,,Level 6,"The ability to recommend a course of action based on the outcomes of incidents, investigations, grievances, complaints, or adjudication. ",,,,,
8.3.5.2.5.2,Decision Implementation ,,Level 6,"The ability to choose a course of action and implement the decision, such as a corrective action or a disciplinary measure. ",,,,,
8.3.5.3,Labour Management Relations,,Level 4,The ability to manage the relationship between the union and the employer.,,,,,
8.3.5.3.1,Employer/Bargaining Partnership Management,,Level 5,"The ability to manage relationships with bargaining agents and labour management initiatives such as LMCC, NJC directive implementation and other major initiatives. ",,,,,
8.3.5.3.1.1,Major Initiatives Management,,Level 6,"The ability to manage an unforeseen event in the workplace that has impact on the workforce and the ability to pursue ongoing operations. Examples, natural disaster, accident, pandemic, terrorism. ",,,,,
8.3.5.3.2,Union Accreditation,,Level 5,The ability to manage the accreditation of unions.,,,,,
8.3.5.3.3,Managerial/Confidential Exclusions,,Level 5,The ability to manage the exclusions of positions.,,,,,
8.3.6,Total Compensation and Rewards,,Level 3,"The ability to implement the total compensation, benefits, payroll, and pension programs.",,,,,
8.3.6.1,Compensation Management,,Level 4,The ability to manage the compensation structure of the GC.,,,,,
8.3.6.1.1,Wage Structure Management,,Level 5,The ability to ensure salary groups and pay steps are managed in accordance with the collective agreement and legislated increased such as economic increases.,,,,,
8.3.6.2,Compensation Operations,,Level 4,The ability to manage the determination of pay for employees.,,,,,
8.3.6.2.1,Compensation Rules Administration,,Level 5,"The ability to administer compensation rules as per requirements outlined in Such as collective agreements, pay directives, Terms and Conditions of Employment. ",,,,,
8.3.6.2.1.1,Allowance and Entitlement Application,,Level 6,"The ability to apply compensation allowances such as bilingual bonus, boot allowance and other collectively bargained entitlements, to an employees wage. ",,,,,
8.3.6.2.1.2,Compensation Adjustment Management,,Level 6,"The ability to apply compensation adjustments that lead to a change in pay such as, salary increments, retroactive pay, performance pay and acting assignments. ",,,,,
8.3.6.2.1.3,Compensation Recovery Management,,Level 6,The ability to recover overpayments from an employee to due a compensation error. ,,,,,
8.3.6.2.2,Compensation Verification ,,Level 5,The ability to ensure compensation transactions are accurate by reviewing transactions before payments. ,,,,,
8.3.6.3,Payroll Management,,Level 4,The ability to manage the payment to employees.,,,,,
8.3.6.3.1,Payroll Calculation,,Level 5,"The ability to calculate employees pay and deductions, such CPP, EI, tax, pension.",,,,,
8.3.6.3.2,Disbursement of Pay,,Level 5,The ability to pay employees as per the applicable/relevant policies and directives. ,,,,,
8.3.6.3.3,Disburse Legislated Payments,,Level 5,The ability to calculate and pay Tax and Regulatory payments.,,,,,
8.3.6.4,Pension Management,,Level 4,The ability to manage the workplace pension plan.,,,,,
8.3.6.4.1,Pension Governance,,Level 5,The ability to finance and fund the pension program. ,,,,,
8.3.6.4.2,Pension Eligibility Management,,Level 5,The ability to determine if an employee is eligible for the pension plan.,,,,,
8.3.6.4.3,Pension Plan Administration ,,Level 5,The ability to administer the government pension plan.,,,,,
8.3.6.4.3.1,Pension Plan Enrollment Management,,Level 6,The ability to determine eligible employees and their requirements under the plan.,,,,,
8.3.6.4.3.2,Pensioner Management,,Level 6,The ability to manage the relationship with the former employees eligible to or collecting pension after their departure from the GC.,,,,,
8.3.6.5,Insurance Benefits Management,,Level 4,The ability to manage the workplace benefits plan.,,,,,
8.3.6.5.1,Insurance Plan Governance,,Level 5,The ability to finance and fund the insurance benefits program. ,,,,,
8.3.6.5.1.1,Insurance Provider Selection,,Level 6,The ability to establish and acquire an insurance administrator.,,,,,
8.3.6.5.1.2,Insurance Provider Oversight,,Level 6,The ability to monitor and maintain service agreements between the government and the service provider. ,,,,,
8.3.6.5.2,Insurance Plan Administration,,Level 5,The ability to administer the insurance plan as per the guidelines.,,,,,
8.3.6.5.2.1,Eligibility Management,,Level 6,The ability to determine if an employee is eligible for group benefits.,,,,,
8.3.6.5.2.2,Insurance Plan Enrollment Management,,Level 6,The ability to enroll the employee in group insurance.,,,,,
8.3.6.5.2.3,Plan Management,,Level 6,"The ability to set premiums, contributions and manage coverage changes. ",,,,,
8.3.6.5.2.4,Appeals Management,,Level 6,The ability to review and decide on appeals from plan members. ,,,,,
8.3.7,Workforce Management,,Level 3,"The ability to optimize the productivity and engagement of the workforce, ensuring resources are correctly aligned to achieve objectives. ",,,,,
8.3.7.1,Workforce Engagement,,Level 4,The ability to engage with the workforce to achieve employee satisfaction and productivity. ,,,,,
8.3.7.1.1,Workforce Relationship Management,,Level 5,The ability to manage the relationship between the employer and the workforce.,,,,,
8.3.7.1.1.1,Values and Ethics and Code of Conduct Implementation ,,Level 6,The ability to ensure the Code of Values and Ethics and the Code of Conduct are maintained in the GC.,,,,,
8.3.7.1.1.2,Employment Conditions Maintenance Management,,Level 6,The ability to document how the workforce meets the employment conditions and maintains them.,,,,,
8.3.7.1.1.3,Political Activities Management,,Level 6,The ability to inform employees about the requirement for their political activity involvement.,,,,,
8.3.7.1.1.4,Workforce Feedback Management,,Level 6,"The ability to encourage and engage the workforce in various forms of feedback such as, PSES, informal sessions, surveys, etc.",,,,,
8.3.7.1.1.5,Post Employment Management,,Level 6,The ability to manage the relationship with the employee after their departure and ensure post employment measures are in place.,,,,,
8.3.7.1.1.6,Workforce Location Management,,Level 6,The ability to determine locations of work for an employee and documenting requirements and ensuing arrangements. ,,,,,
8.3.7.1.2,Onboarding,,Level 5,The ability to orient a new worker upon appointment to a new position to facilitate their integration to the workforce and them undertaking their duties. ,,,,,
8.3.7.1.3,Offboarding,,Level 5,The ability to manage a worker's departure from their position.,,,,,
8.3.7.1.4,Workforce Communication Management,,Level 5,"The ability to issue communication to members of the workforce including, employees, casuals, candidates, pensioners, students etc.",,,,,
8.3.7.1.4.1,Individual Communication Management,,Level 6,"The ability to communicate a formal decision or information pertaining to one individual, such as a grievance decision, complaint decision, classification decision, staffing decision, performance award allotment, recognition award, etc.",,,,,
8.3.7.1.4.2,Group Communication Management,,Level 6,"The ability to communicate a decision or information to all or a portion of the workforce for recourse right, such as appointment notifications, conversion notifications etc.",,,,,
8.3.7.1.4.3,HR Program Communication,,Level 6,"The ability to communicate with employees on new or changing programs. Examples include OL updates, D&I initiatives, Conversion Updates.",,,,,
8.3.7.1.5,Network Facilitation,,Level 5,"The ability to support the organization of working groups, committees and informal sessions with employees.",,,,,
8.3.7.1.6,Employee Recognition,,Level 5,"The ability to establish and deliver programs to recognize the contributions, milestones and successes of the workforce. ",,,,,
8.3.7.1.6.1,Employee Contributions,,Level 6,The ability to recognize the contributions an employee makes to the workplace. ,,,,,
8.3.7.1.6.2,Employee Rewards,,Level 6,The ability to provide a reward to the employee based on established criteria.,,,,,
8.3.7.1.6.3,Employee Service Anniversaries,,Level 6,The ability to track and acknowledge an employee tenure. ,,,,,
8.3.7.2,Workforce Administration ,,Level 4,"The ability to manage the time, availability and leave entitlements of the workforce.",,,,,
8.3.7.2.1,Workplace Scheduling,,Level 5,The ability to attribute a resource to a job.,,,,,
8.3.7.2.1.1,Time and Attendance Management,,Level 6,The ability to monitor and manage employees work hours.,,,,,
8.3.7.2.1.2,Complex Scheduling,,Level 6,"The ability to schedule workers with complex time constraints, examples include, shift workers, acting coverage in high sensitive areas.",,,,,
8.3.7.2.2.1,Work Arrangement Management,,Level 5,"The ability to provide employees with alternate work arrangements based on a variety of factors such as; Part time work, compressed schedules, health issues etc. ",,,,,
8.3.7.2.3,Leave Management,,Level 5,The ability to monitor and manage an employees leave. ,,,,,
8.3.7.2.3.1,Leave Entitlements Management,,Level 6,The ability to assign and manage an employees leave credits ensuring collective agreement rules are applied.,,,,,
8.3.7.2.3.2,Extended Leave Management,,Level 6,The ability to manage an employees long term absence from the workplace.,,,,,
8.3.7.2.4,Workforce Accommodation Management,,Level 5,"The ability to identify, establish, implement, and review accommodations measures to meet the specific needs of employees, particularly those with physical or mental limitations or special needs due to their personal circumstances.",,,,,
8.3.7.2.4.1,Return to Work Management,,Level 6,The ability to manage an employees return to the workforce following an extended absence. ,,,,,
8.3.7.2.4.2,Disability Management,,Level 6,The ability to manage an employees schedule based on medical requirements.,,,,,
8.3.7.2.4.3,Adaptive Measures Management,,Level 6,"The ability to manage adaptive measures for employees, including determining appropriate accommodations and ensuring the implementation of such things as lighting, noise cancellation, desks and equipment, environment etc.",,,,,
8.3.7.3,Workforce Performance and Talent Management,,Level 4,"The ability to drive performance and manage talent strategically, ensuring alignment between individual and organizational goals, building robust talent pipelines, and empowering employees at all levels. This includes monitoring/mining key data points to continuously enhance performance for both individuals and the organization  .",,,,,
8.3.7.3.1, Performance Management,,Level 5,"The ability to manage the performance management process, by establishing clear performance expectations, providing continuous, regular, feedback, aligning individual goals with organizational priorities, conducting performance evaluations, addressing performance gaps, and setting up tailored support as required to drive organizational success. ",,,,,
8.3.7.3.1.1,Competency Framework,,Level 6,"The ability to develop and apply a competency framework or frameworks, which can be tailored to different levels or groups within the organization. ",,,,,
8.3.7.3.1.2,Performance Expectations and Goal Setting,,Level 6,"The ability to plan for employee performance, setting clear, measurable, and achievable performance expectations, goals and competencies aligned with organizational objectives and priorities. ",,,,,
8.3.7.3.1.3,Continuous Feedback,,Level 6,"The ability to create, manage, maintain and build upon continuous feedback practices supporting employee development, and individual and organizational performance improvement. ",,,,,
8.3.7.3.1.4,Performance Review Management,,Level 6,"The ability to manage all aspects of informal and formal performance review processes. This includes clear definitions (e.g., of ratings) and consistent implementation of each component of the review process which can include calibration or fair distribution of performance ratings across a group, sector, or department.    ",,,,,
8.3.7.3.1.5,Performance Results Management,,Level 6,"The ability to manage the results of performance reviews, including managing high performers, employees that show promise, engaging and recognizing solid performers and managing unsatisfactory performance (e.g., by creating performance improvement plans), all with an aim to drive individual and organizational success.  ",,,,,
8.3.7.3.2,Talent Management,,Level 5,"The ability to manage talent effectively, building a high-performing, diverse, and adaptable workforce   that aligns individual aspirations and strengths with organizational goals, supporting employees   at all levels   in meeting the changing needs and the priorities of the public service. ",,,,,
8.3.7.3.2.1,Talent Assessment,,Level 6," The ability to provide the space, guidance and tools to enable critical assessment of the organization, the employee and oneself, ultimately resulting in identification of current organizational needs and priorities as well as individual strengths, areas for improvement, aspirations and goals. ",,,,,
8.3.7.3.2.2,Talent Placement,,Level 6,"The ability to match employee strengths, developmental needs and their aspirations to organizational needs and priorities. ",,,,,
8.3.7.3.2.3,Career Development,,Level 6,"The ability to set and manage career paths and to support career planning and career development, guiding employees through the management of their career goals and objectives. ",,,,,
8.3.7.4,Workforce Development Management,,Level 4,The ability to manage employees skills and abilities to achieve maximum success for the employee and organization. ,,,,,
8.3.7.4.1,Qualifications Management,,Level 5,The ability to manage the qualifications required.,,,,,
8.3.7.4.1.1,Language Assessment,,Level 6,The ability to evaluate the language proficiency of employees.,,,,,
8.3.7.4.1.2,Employee Certification and Accreditation ,,Level 6,The ability to confirm the validity of professional credentials.,,,,,
8.3.7.4.2,Learning Management,,Level 5,"The ability to facilitate the acquisition and development of employee knowledge, skills and abilities.",,,,,
8.3.7.4.2.1,Learning Requirements Assessment,,Level 6,"The ability to identify learning requirements in the organization and to assess their impact, risks and implication.",,,,,
8.3.7.4.2.2,Learning Content Development,,Level 6,"The ability to outline the objectives, expectations, delivery and assessment method(s) for a learning or training program and creating the content in-house or assessing those out-of-box for fit. ",,,,,
8.3.7.4.2.3,Learning Assessment Design,,Level 6,"The ability to create and design assessments to measure the impact of learning programs or experiences, whether to record satisfaction, measure knowledge and skills and transfer on the job, the effect on behaviour or the return on investment. ",,,,,
8.3.7.4.2.4,Learning Activities Administration,,Level 6,"The ability to administer learning activities including promotion of the activities, registration, and logistics.",,,,,
8.3.7.4.2.5,Learning Plan Management,,Level 6,The ability to create and manage an employee learning plan. ,,,,,
8.3.7.4.2.6,Learning Program Management,,Level 6,"The ability to set up and manage a learning program  , including mandatory training for various levels of employees and organizational needs. ",,,,,
8.3.7.4.3,Professional Development Management,,Level 5,The ability to manage training and development.,,,,,
8.3.7.4.3.1,Mentorship and Coaching Management,,Level 6,The ability to define and establish a distinct centre of excellence to facilitate the overall coaching and mentoring capabilities within the organization. ,,,,,
8.3.7.4.3.2,Leadership Development Management,,Level 6,The ability to provide employees with skills and abilities to become leaders in the workforce.,,,,,
8.3.7.5,Workforce Adjustment,,Level 4,The ability to manage workforce adjustment situations.,,,,,
8.3.7.5.1,Alternation Management,,Level 5,The ability to manage opting and surplus employees who wish to remain in the core public administration who wish to exchange with non affected employee.  ,,,,,
8.3.7.5.2,Voluntary Departure Management,,Level 5,The ability to manage employees who wish to voluntarily depart after the issuance of a Workforce Adjustment situation. ,,,,,
8.3.8,Workplace Management,,Level 3,The ability to manage the workplace including programs and employee complaints. ,,,,,
8.3.8.1,Workplace Wellness,,Level 4,"The ability to manage the mental and physical health of workers by preventing, identifying and removing risks AND hazards in the workplace.",,,,,
8.3.8.1.1,Workplace Health and Safety Management,,Level 5,"The ability to proactively prevent accidents, occurrences of harassment and violence and physical or psychological injuries and illnesses. ",,,,,
8.3.8.1.1.1,Workplace accident and Injury Management,,Level 6,"The ability to respond quickly to accidents, incidents or illnesses and provide injured or ill employees with access to resources to normalise their working arrangements.",,,,,
8.3.8.1.1.2,Workplace Harassment and Violence Prevention ,,Level 6,"The ability to respond quickly to notice of occurrence ensuring  workplaces are free from discrimination, harassment, violence and any forms of hate..",,,,,
8.3.8.1.1.3,Workplace Hazard Management,,Level 6,"The ability to proactively ensure that the workplace hazards that could reasonably be expected to cause accidents, occurrences of harassment and violence and physical or psychological injuries and illnesses are identified, communicated and eliminated, or mitigated. . ",,,,,
8.3.8.1.1.4,Workplace Inspection,,Level 6,"The ability to manage workplace inspections by scheduling, organizing and implementing.  This includes maintaining a calendar, understanding requirements, and performing the necessary inspections.  ",,,,,
8.3.8.1.1.5,Emergency Preparedness,,Level 6,"The ability to respond quickly to fires, and other emergencies by having a Building Emergency and Evacuation Team, plan and drills.",,,,,
8.3.8.1.2,Occupational Health Evaluations,,Level 5,"The ability to identify Bona Fide Occupational Requirements, perform occupational health evaluations for candidates and persons employed as well as administering tests and providing occupational health guidance and advice.",,,,,
8.3.8.1.3,Employee Assistance Management,,Level 5,"The ability to support employees, and their family members, experiencing health , well?being and productivity challenges",,,,,
8.3.8.2,Alternative Dispute Resolution Management,,Level 4,The ability to address workplace issues through  informal channels.,,,,,
8.3.8.2.1,Mediation,,Level 5,The ability to provide a non binding intervention to a conflict and promote resolution. ,,,,,
8.3.8.2.2,Informal Complaints,,Level 5,The ability to file a complaint not under a legislative body.,,,,,
8.3.8.3,Official Languages Management,,Level 4,The ability to ensure the GC fulfills its official languages responsibilities as a federal employer.,,,,,
8.3.8.3.1,Official Languages Promotion,,Level 5,The ability to promote the OL mandate and importance across the GC.,,,,,
8.3.8.3.2,Official Languages Obligations,,Level 5,The ability to provide services and documentation to stakeholders in both official languages.,,,,,
8.3.8.4,Diversity and Inclusion Management,,Level 4,"The ability to define and drive adoption for organizational and legislative requirements related to all facets of diversity, equity and inclusion, both internally and its messaging/actions externally. ",,,,,
8.3.8.4.1,Employment Equity,,Level 5,"The ability to ensure fair representation of, minority groups, women, aboriginal peoples, and persons with disabilities.",,,,,
8.3.8.4.2,Cultural Community Wellness ,,Level 5,The ability to provide support and resources for cultural communities in the workplace to foster wellness.,,,,,
8.3.8.4.2.1,Cultural Community Promotion,,Level 6,The ability to promote the different cultural communities within the organization by facilitating awareness and appreciation. ,,,,,
8.3.8.4.2.2,Cultural Community Support,,Level 6,The ability to organize networks and working groups for cultural communities in the workplace to improve diversity and inclusion ,,,,,
8.3.8.5,Organizational Culture,,Level 4,"The ability to guide shared values, beliefs, norms, and behaviors that are accepted by members of an organization.",,,,,
8.3.8.5.1,Organizational Culture Identity definition,,Level 5,The ability to identify and define the value proposition and cultural identity of the organization. ,,,,,
8.3.8.5.2,Organizational Culture Promotion ,,Level 5,The ability to ensure culture is defined within the values of the organization.,,,,,
8.3.8.5.3,Cross Program Management,,Level 5,The ability to establish and implement organization wide strategies and initiatives. ,,,,,
8.3.1,HR Framework Management,8.3,Level 3,"The ability to forecast, define, deliver and evaluate HRM programs and to ensure consistent execution.",,,,,
8.3.1.2.5,HRM Program Compliance and Monitoring,8.3.1.2,Level 5,"The ability to establish and manage the infrastructure and develop program specific requirements to address organizational obligations and identified deficiencies. Examples include committees, working groups, designated officials, and champions.",,,,,
8.3.1.2.5.1,Program Reporting,8.3.1.2.5,Level 6,The ability to report on the health of an HR program.,,,,,
8.3.1.2.6,HRM Risk Management,8.3.1.2,Level 5,The ability to forecast and manage risks by identifying solutions and minimizing impact.,,,,,
8.3.4.5,Candidate Management,8.3.4,Level 4,The ability to manage candidates who have applied for a job.,,,,,
8.3.4.5.1,Inventory and Pool Management,8.3.4.5,Level 5,The ability to manage a group of candidates and establish a pool of fully or partially qualified candidates for future resourcing needs.,,,,,
8.3.5.2.6,Recourse and Redress Outcome Management,8.3.5.2,Level 5,"The ability to gather evidence, provide recommendations based on facts and precedents, and implement decisions, including corrective actions, disciplinary measures, tribunal and adjudication decisions, etc.",,,,,
8.3.5.2.6.1,Decision Recommendations,8.3.5.2.6,Level 6,"The ability to recommend a course of action based on the outcomes of incidents, investigations, grievances, complaints, or adjudication.",,,,,
8.3.5.3.4,Strike Activity Management,8.3.5.3,Level 5,The ability to establish a strike management strategy for the GC.,,,,,
8.3.6.6,Employee Recognition,8.3.6,Level 4,"The ability to establish and deliver programs to recognize the contributions, milestones and successes of the workforce.",,,,,
8.3.6.6.1,Employee Contributions,8.3.6.6,Level 5,The ability to recognize the contributions an employee makes to the workplace.,,,,,
8.3.6.6.2,Employee Rewards,8.3.6.6,Level 5,The ability to provide a reward to the employee based on established criteria.,,,,,
8.3.6.6.3,Employee Service Anniversaries,8.3.6.6,Level 5,The ability to track and acknowledge an employee tenure.,,,,,
8.3.7.2.2,Workforce Accommodation Management,8.3.7.2,Level 5,"The ability to determine, identify, implement, and review accommodation measures.",,,,,
8.3.7.2.2.2,Return to Work Management,8.3.7.2.2,Level 6,The ability to manage an employee's return to the workforce following an extended absence.,,,,,
8.3.7.2.2.3,Disability Management,8.3.7.2.2,Level 6,The ability to manage an employee's schedule based on medical requirements.,,,,,
8.3.7.2.2.4,Accommodations Management,8.3.7.2.2,Level 6,The ability to manage workforce accommodations including determining accommodations and implementing measures.,,,,,
8.3.7.3.3,Career Planning,8.3.7.3,Level 5,The ability to guide the employee through management of their career goals and objectives.,,,,,

